{
	"your_spaceschip_pulsarup": "Tu empresa OuYeah",
	"name_of_your_company": "Nombre de tu empresa",
	"logo": "Logo",
	"upload_image_explanation": "Subir imágen (jpg, png, gif)",
	"spaceship_commander": "Administrador de la empresa",
	"purpose_of_your_company": "Propósito de tu empresa",
	"timezone": "Zona horaria",
	"data_of_the_ship": "Datos de la empresa",
	"seats_of_the_crew": "Usuarios de la empresa",
	"type_of_plan": "Tipo de plan",
	"team_member_modal__user_is_member_of_the_teams": "{{user_name}} es un miembro de los equipos:",
	"seats_crew__active_in": "activo en:",
	"seats_crew__active_users_tab": "Usuarios activos",
	"seats_crew__inactive_users_tab": "Usuarios inactivos",
	"seats_crew__filter__placeholder": "Filtra personas por nombre",
	"invite_teams_modal__back_title": "Invitaciones listas",
	"invite_teams_modal__back_we_will_send_email": "Les mandaremos un email invitándolos a este equipo.",
	"invite_teams_modal__back_we_will_notify_you": "Te notificaremos cuando se hayan unido.",
	"invite_teams_modal__front_call_to_action_button": "Mandar invitación",
	"remove_member_modal__title": "¿Estás seguro que deseas remover a {{user_name}} de tu empresa?",
	"remove_member_modal__description": "Ya no podrá acceder, pero su progreso queda registrado.",
	"remove_member_modal__button": "Remover de la compañía",

	"payment_section__plan_cost_per_user": "{{currency}} / usuario / mes",
	"payment_section__plan_yearly_save": "Ahorras {{percentage_save}}%",
	"payment_section__plan_monthly": "Mensual",
	"payment_section__plan_yearly": "Anual",
	"payment_section__plan_free_trial": "Free trial",
	"payment_section__actual_plan": "Plan actual",
	"payment_section__new_plan": "Nuevo plan",
	"payment_section__billing_cycle": "Tipo de plan",
	"payment_section__seats_quantity": "Número de asientos",
	"payment_section__billing_address": "Dirección fiscal",
	"payment_section__payment_method": "Método de pago",
	"payment_section__total": "Total",
	"payment_section__cancel_plan": "Cancelar plan",
	"payment_section__next_charge": "Fecha de cobro",
	"payment_section__remove_users_text": "El número de licencias es inferior al de los asientos que se utilizan, haga clic para disminuir {{decrease_total}} usuario(s)",
	"payment_section__decrease_seats": "Disminuye el número de asientos de {{actual_seats}} a {{new_seats}}",
	"payment_section__decrease_seats_description": "El nuevo número de licencias es inferior al de usuarios de la cuenta, seleccione las personas que abandonarán su empresa",
	"payment_section__decrease_seats_need_to_remove": "Aún debe eliminar {{remove_users}} usuario(s)",
	"payment_section__remove": "Remover",
	"payment_section__revive": "Revivir",
	"payment_section__address_one": "Línea de dirección 1 (requerida)",
	"payment_section__address_one_placeholder": "Dirección de calle, casillero de correos, nombre de la compañía, colonia, etc.",
	"payment_section__address_two": "Línea de dirección 2",
	"payment_section__address_two_placeholder": "Apartamento, suite, unidad, edificio, piso, etc.",
	"payment_section__country": "País (requerido)",
	"payment_section__city": "Ciudad (requerida)",
	"payment_section__state": "Estado (requerido)",
	"payment_section__zip": "Código Postal (requerido)",
	"payment_section__pending_adjustment_periodicity_monthly": "El día {{expiration_date}} te cambiaremos al plan mensual.",
	"payment_section__pending_adjustment_periodicity_yearly": "El día {{expiration_date}} te cambiaremos al plan anual.",
	"payment_section__pending_adjustment_licenses": "El día {{expiration_date}} cambiaremos sus licencias a {{licencias}}.",
	"payment_section__cancel_form_modal_title": "{{user_name}}, ¿por qué quieres cancelar?",
	"payment_section__cancel_form_modal_close": "Mantener mi cuenta",
	"payment_section__cancel_form_modal_continue": "Continuar y cancelar",
	"payment_section__cancel_form_modal_reason_one": "Sólo quería conocer el sistema de OKRs",
	"payment_section__cancel_form_modal_reason_two": "No sentí que la plataforma me ayudara a cumplir mis Objetivos",
	"payment_section__cancel_form_modal_reason_three": "La plataforma tiene muchos problemas técnicos",
	"payment_section__cancel_form_modal_reason_four": "La plataforma es muy complicada de usar",
	"payment_section__cancel_form_modal_reason_five": "La plataforma no tiene una versión móvil",
	"payment_section__cancel_form_modal_reason_other": "Otro (especifique ... nos ayuda a mejorar)",
	"payment_section__cancel_form_modal_are_you_sure": "¿Está seguro de que desea cancelar?",
	"payment_section__cancel_message_modal_title": "Te extrañaremos :(",
	"payment_section__cancel_message_modal_consequences": "Una vez que salga de la cuenta:",
	"payment_section__cancel_message_modal_consequence_one": "Toda su tripulación será evacuada",
	"payment_section__cancel_message_modal_consequence_two": "No podrá continuar cumpliendo sus OKRs",
	"payment_section__cancel_message_modal_consequence_three": "El histórico de su progreso se perderá",
	"payment_section__cancel_message_modal_important": "Importante",
	"payment_section__cancel_message_modal_explanation": "La gasolina de su barco llegará hasta {{date}}. Después de esa fecha, en los primeros 30 días el equipo de rescate de OuYeah podrá encontrarla y recuperarla. Después de eso, se perderá en el espacio exterior para siempre.",
	"payment_section__cancel_message_modal_drop": "Dejar mi cuenta",
	"payment_section__cancel_adjustment_message": "Estamos tristes de ver que se va :(, pero aún puede deshacer esta acción y cumplir sus OKRs",
	"payment_section__rescue_my_ship": "Rescatar a mi empresa",
	"payment_section__card_text": "{{brand}} terminando en {{last_four_digits}}",
	"payment_section__receipt_title": "Historial de recibos",
	"payment_section__disputing_message": "La información de pago no se puede modificar debido a un pago que se está cuestionando, si cree que esto es un error, contáctenos a: hello@ouyeah.io",
	"payment_section__sub_total": "Ahora le cobraremos un total de {{total}} por el aumento de licencias (con su plan actual) para que pueda usarlas de inmediato",
	"payment_section__apply_later": "Aplicar más tarde",
	"payment_section__apply_now": "Aplicar ahora",
	"payment_section__use_billing_address": "Actualizar la dirección de facturación",
	"payment_section__use_billing_address_success": "Dirección de facturación actualizada",
	"payment_section__use_billing_address_fail": "Error al actualizar la dirección de facturación, intente nuevamente",
	"payment_section__update_card": "Actualizar tarjeta",
	"payment_section__update_card_success_title": "Tarjeta actualizada con éxito",
	"payment_section__update_card_success_description": "¡Has actualizado tu tarjeta con éxito, ahora puedes comunicar el propósito de tu empresa cuando quieras!",
	"payment_section__update_card_fail": "Error al actualizar la tarjeta, inténtalo de nuevo",
	"payment_section__payment_error": "Hubo un error al procesar el pago, por favor intente nuevamente",
	"payment_section__offline_message": "Su plan no se puede pagar en línea, si desea pagar en línea, envíe un mensaje a hello@ouyeah.io",
	"payment_section__adjustments_created_title": "Los cambios se han programado con éxito",
	"payment_section__adjustments_created_description": "Los cambios se han programado con éxito y se aplicarán en la fecha {{date}}, no hay nada más que hacer, ¡nosotros nos encargaremos de eso!",
	"payment_section__payment_fail_title": "Pago rechazado",
	"payment_section__payment_fail_description": "Su pago fue rechazado, inténtelo de nuevo, si el problema persiste, intente cambiar la tarjeta de pago o envíe un correo electrónico a hello@ouyeah.io y lo ayudaremos :)",
	"payment_section__payment_succesful_title": "Pago exitoso",
	"payment_section__payment_succesful_description_adjustments": "¡Impresionante! ¡Tu empresa ahora tiene más licencias para tus colegas, ve y aprovéchalos!",
	"payment_section__payment_succesful_description_subscription": "¡Impresionante! Su empresa ahora tiene más combustible, puede continuar con su viaje para cumplir sus OKRs! :)",
	"account__inactive_admin": "Esta cuenta está inactiva debido a la falta de pago, vaya a la sección de pagos para pagar o envíe un correo electrónico a hello@ouyeah.io y lo ayudaremos",
	"account__inactive_normal_user": "Esta cuenta está inactiva debido a la falta de pago, solicite al administrador de la cuenta que pague o envíe un correo electrónico a hello@ouyeah.io y lo ayudaremos",
	"account__canceled_admin": "Esta cuenta ha sido cancelada, vaya a la sección de pago para pagar y reactivar su cuenta o envíe un correo electrónico a hello@ouyeah.io y lo ayudaremos",
	"account__canceled_normal_user": "Esta cuenta ha sido cancelada, solicite al administrador de la cuenta que la reactive, o envíe un correo electrónico a hello@ouyeah.io y lo ayudaremos"
}
