{
  "cancel": "Cancelar",
  "delete": "Eliminar",
  "edit": "Editar",
  "change_rank": "Cambiar rol",
  "close": "Cerrar",
  "create": "Crear",
  "finalize": "Finalizar",
  "manager": "Capitán",
  "member": "Tripulación",
  "other_missions": "Otras misiones",
  "principal_panel": "Dashboard",
  "update": "Actualizar",
  "add": "Agregar",
  "welcome_to_pulsarup": "Bienvenido a OuYeah!",
  "join": "Unirse",
  "login": "Iniciar sesión",
  "use_your_email_to_login": "Usa tu email para iniciar sesión",
  "enter_your_account": "Entra a tu cuenta",
  "create_an_account": "Crea una cuenta",
  "use_your_email_to_create_an_account": "Usa tu email para crear una cuenta",
  "create_account": "Crear cuenta",
  "email": "Email",
  "password": "Contraseña",
  "next": "Siguiente",
  "previous": "Anterior",
  "copy_link": "copiar link",
  "copied": "Copiado",
  "send_invitation": "Enviar invitación",
  "omit_for_now": "Omitir por ahora",
  "number": "Número",
  "percentage": "Porcentaje",
  "money": "Dinero",
  "purpose": "Propósito",
  "current_pulse": "Pulso Actual",
  "responsible": "Responsable",
  "all_teams": "Todos los equipos",
  "beginning": "Inicio",
  "goal": "Meta",
  "or_create_an_account": "O construya una cuenta",
  "or_login_into_your_accout": "O entre en su cuenta",
  "return": "Regresar",
  "watch_video_and_examples": "Ver vídeo y ejemplos",
  "watch_video": "Ver vídeo",
  "okrs_meaning": "OKRS - Objetivos y Resultados clave",
  "objective_meaning": "Objetivo - ¿Qué quieres alcanzar?",
  "meaningful": "Significativo",
  "concrete": "Concreto",
  "action_oriented": "Orientado a la acción",
  "aspirational": "Aspiracional",
  "key_results_meaning": "Resultados clave - ¿Cómo puedo medir el progreso?",
  "measurable_verifiable": "Medible y verificable",
  "specific_time_limit": "Específico y limitado en el tiempo",
  "agressives_but_realistic": "Agresivo pero realista",
  "or": "ó",
  "type": "Tipo",
  "hipotetical_objectives": "Objetivos hipotéticos de ejemplo.",
  "hipotetical_krs": "Ejemplos de  resultados clave hipotéticos.",
  "register": "Registrar",
  "go_to_goals_okr": "Ir a Metas OKR",
  "share_pulsarup": "Comparte OuYeah!",
  "to_progress": "Progresar",
  "continue": "Continuar",
  "name": "Nombre",
  "area": "Área",
  "ok": "Ok",
  "save": "Guardar",
  "archive": "Archivar",
  "help": "Ayuda",
  "teams_count": "{{count}} equipo",
  "teams_count_plural": "{{count}} equipos",
  "remove": "Remover",
  "reactivate": "Reactivar",
  "download": "Descargar",
  "go_to_payment_section": "Ir a la sección de pago",
  "days": "días",
  "from": "de",
  "to": "a",
  "okrs": "OKRS",
  "cycle": "Ciclo",
  "my_teams": "Mis equipos",
  "other_teams": "Otros equipos"
}
