  {
  "error_asigning_user_to_team": "Error asignando el usuario al equipo, por favor intenta de nuevo",
  "error_creating_team": "Error creando el equipo, por favor intenta de nuevo",
  "error_name_empty": "Por favor escribe tu nombre",
  "error_new_password_empty": "Por favor escribe una nueva contraseña",
  "error_password_empty": "Por favor escribe una contraseña",
  "error_updating_password": "Error actualizando tu contraseña, averiguaremos que pasó",
  "error_updating_profile": "Error actualizando tu perfil, averiguaremos que pasó",
  "error_updating_profile_picture": "Error actualizando la foto de perfil, pero trataremos de actualizar los otros campos que cambiaste",
  "old_password_does_not_match": "La contraseña actual no coincide con la contraseña en nuestra base de datos",
  "password_at_least_n_characters": "Por favor escribe al menos {{count}} carácteres",
  "passwords_do_not_match": "Las contraseñas no coinciden",
  "select_a_successor_dropteam_modal": "Selecciona un sucesor",
  "you_dropped_team": "Abandonaste el equipo {{team}}",
  "email_already_in_use": "El email ya está siendo usado",
  "password_and_email_combination_not_found": "No se pudo hacer login con estas credenciales",
  "error_creating_account_please_try_again": "Error creando la cuenta, por favor intenta de nuevo, estamos trabajando en esto",
  "please_write_valid_email": "Por favor escribe un email válido",
  "please_write_login_email": "Por favor escribe el email para entrar",
  "please_write_login_password": "Por favor escribe la contraseña para entrar",
  "please_write_signup_email": "Por favor escribe un email para crear la cuenta",
  "please_write_signup_name": "Por favor escriba su nombre",
  "please_write_signup_password": "Por favor escribe una contraseña para crear la cuenta",
  "password_at_least_8_characters": "Por favor escribe al menos 8 carácteres",
  "error_purpose_empty": "Por favor escribe el propósito de tu empresa",
  "generic_error": "Ooops... algo ocurrió, la cuenta no esta funcionando como esperabamos, ten paciencia lo arreglaremos.",
  "error_kr_beginning": "Escribe un inicio",
  "error_kr_ending": "Escribe una meta",
  "error_company_name": "Por favor escribe el nombre de la empresa",
  "error_creating_account_try_again": "Error creando la cuenta, por favor intenta de nuevo",
  "recovery_password_email_not_found": "No pudimos encontrar este email en la base da datos",
  "company_without_enough_licenses": "No hay suficientes asientos para agregar más usuarios a su empresa.",
    "something_went_wrong": "Algo salió mal, intentalo de nuevo"
}
