{
	"kanban": "Kanban",
	"filter_responsibles": "Responsables",
	"filter_tags": "Etiquetas",
	"filter_create_tag": "Crear etiqueta",
	"tag_modal_labels_title": "Etiquetas",
	"tag_modal_create_label_title": "Crear etiqueta",
	"tag_modal_edit_label_title": "Editar etiqueta",
	"tag_modal_delete_label_title": "Eliminar etiqueta",
	"tag_modal_create_a_new_label": "Crear una nueva etiqueta",
	"tag_modal_create_label_name": "Nombre",
	"tag_modal_create_label_select_color": "Seleccione un color",
	"tag_modal_edit_label_name": "Nombre",
	"tag_modal_edit_label_select_color": "Seleccione un color",
	"tag_modal_delete_text": "Esto eliminará esta etiqueta de todas las tarjetas, y no es reversible.",
	"board_objective": "Objetivo",
	"board_key_result": "Resultado Clave",
	"board_progress": "Progresar",
	"archive_lane_modal_title": "Archivar columna",
	"archive_lane_modal_text": "Esto archivará la columna y aún no es reversible.",
	"lane_create_card": "Crear tarea",
	"lane_create_another_card": "Crear una tarea",
	"add_card_placeholder": "Agrega el título de la tarea...",
	"due_date_modal_title": "Fecha de vencimiento",
	"responsibles_modal_title": "Miembros",
	"archive_card_modal_title": "Archivar tarjeta",
	"archive_card_modal_text": "Esto archivará esta tarjeta, y aún no es reversible",
	"due_date": "Fecha de vencimiento",
	"delete_file_modal_title": "Eliminar archivo adjunto",
	"delete_file_modal_text": "Esto eliminará este archivo adjunto de esta tarjeta",
	"delete_comment_modal_title": "Eliminar comentario",
	"delete_comment_modal_text": "Esto eliminará este comentario de esta tarjeta",
	"kanban_card_attachments": "Archivos adjuntos",
	"kanban_card_comments": "Comentarios",
	"kanban_card_add_comment": "Agregar un comentario",
	"kanban_card_responsibles": "Miembros",
	"kanban_card_due_date": "Fecha de vencimiento",
	"kanban_card_tags": "Etiquetas",
	"kanban_card_description": "Descripción",
	"kanban_card_sub_tasks": "Subtareas",
	"kanban_card_add_sub_tasks": "Agregar una subtarea",
	"kanban_card_write_comment": "Escribe un comentario",
	"kanban_add_column": "Agregar columna",
	"kanban_create_column": "Crear columna",
	"kanban_card_description_placeholder": "Agrega una descripción detallada",
	"kanban_card_select_a_date": "Escoge fecha",
	"kanban_lane": "Columna",
	"kanban_select_lane": "Selecciona una columna",
	"kanban_card_title": "Título",
	"filter_due_date": "Fechas de vencimiento",
	"filter_date_no_date": "Sin fecha",
	"filter_date_expired": "Vencidas",
	"filter_date_today": "Hoy",
	"filter_date_tomorrow": "Mañana",
	"filter_date_two_days_or_more": "Dos días o más",
	"filter_date_completed": "Completadas",
	"to": "a ",
	"created_card_activity": "creó esta tarjeta",
	"added_card_responsible": "agregó como responsable a ",
	"removed_card_responsible": "removió como responsable a ",
	"moved_card_from_lane_to_lane": "movió la tarjeta de ",
	"archived_card": "archivó la tarjeta.",
	"added_file_to_card": "agregó el archivo ",
	"removed_file_from_card": "removió el archivo ",
	"added_due_date_to_card": "añadió fecha de vencimiento",
	"changed_due_date_to_card": "cambió la fecha de vencimiento",
	"deleted_due_date_to_card": "removió la fecha de vencimiento."
}
