{
	"enter_to_your_spaceship": "Entra a tu cuenta",
	"build_to_your_spaceship": "Construye tu cuenta",
	"lost_your_keys": "¿Perdiste la contraseña de tu cuenta?",
	"terms_and_conditions": "Al crear una cuenta aceptas los términos y condiciones",
	"build_it": "Constrúyela",
	"get_in": "Entra",
	"enter_with": "Entra a tu cuenta con",
	"build_it_with": "Construye tu cuenta con",
	"recover_password_title": "Recupera la contraseña de tu cuenta",
	"recover_password": "Recuperar contraseña",
	"new_password": "Nueva contraseña",
	"new_password_confirmation": "Confirmación de nueva contraseña",
	"confirm_new_password": "Confirmar nueva contraseña",
	"we_found_your_keys": "¡Encontramos tu contraseña!",
	"we_found_your_keys_explanation": "Te enviaremos las instrucciones para recuperarlas por email.",
	"your_email": "Tu Email",
	"your_password": "Tu Contraseña",
	"your_name": "Tu nombre",
	"lost_your_password": "¿Olvidaste tu contraseña?",
	"new_at_pulsarup": "¿Nuevo en OuYeah?",
	"you_have_an_account": "¿Ya tienes cuenta?",
	"platform_info": "La plataforma de trabajo para alcanzar tus metas",
	"strategy_with_okrs": "Definición de Estrategia con OKRs",
	"kanban_text": "Seguimiento Táctico con Kanban",
	"communication_with_chat": "Comunicación Efectiva con Chat (Próximamente)",
	"access_here": "Acceda aquí",
	"conquer_the_right_goals": "y conquista las metas correctas",
	"create_an_account": "Crea una cuenta",
	"enter_your_account": "Entra a tu cuenta",
	"your_company_already_has_a_spaceship": "¿Tu empresa ya esta registrada?",
	"ask_to_join_a_spaceship": "Pide unirte a tu empresa",
	"your_company_already_uses_pulsarup": "¿Tu empresa ya usa OuYeah?",
	"if_your_company_already_uses_pulsarup": "Si tu empresa ya usa OuYeah, pide a quien tenga acceso que te invite\npara que puedas trabajar en la misma cuenta.",
	"in_the_platform": "En la plataforma:",
	"enter_teams_section": "1. Entra a la sección de Equipos",
	"select_invite_someone_new":"2. Selecciona “Invitar a alguien nuevo”",
	"write_an_email_and_accept": "3. Escribe un email y acepta para mandar la invitación",
	"in_your_email": "En tu email",
	"open_the_email": "1. Abre el correo de invitación",
	"accept_invitation": "2. Selecciona 'Aceptar invitación'",
	"if_you_have_an_account_in_that_spaceship": "3. Si ya tienes cuenta en esa empresa, entra con el email y contraseña que ya tenías",
	"if_you_dont_have_account_in_pulsarup": "4. Si nunca has entrado a OuYeah, crea una cuenta y activa la invitación",
	"enter_with_google": "Entra con Google",
	"create_with_google": "Crea con Google",
	"progress_to_your_goal": "y progresa hacia tu propósito",
	"no_problem_we_help_you": "No hay problema, te ayudamos a recuperarla",
	"write_your_email_well_send_the_instructions": "Escribe el email con el que creaste la cuenta, ahí  enviaremos instrucciones para recuperar tu contraseña.",
	"email_sent": "Email enviado",
	"help_is_on_its_way":"La ayuda va en camino",
	"if_we_have_that_email": "Si tenemos ese correo registrado en nuestra base de datos, le eniviaremos las instrucciones para poder generar una nueva contraseña.",
	"it_could_take_a_few_minutes": "Puede tardar unos minutos en que llegue a tu bandeja de entrada.",
	"return_login_screen": "Regresa a la pantalla para entrar a tu cuenta",
	"you_have_an_account_in_this_company": "¿Ya tienes cuenta en esta empresa?",
	"enter_your_account_an_activate_your_invitation": "Entra a tu cuenta para activar tu invitación",
	"you_are_new": "¿Eres nuevo?",
	"create_an_account_to_activate_your_invitation": "Crea una cuenta para activar tu invitación",
	"to_activate_your_invitation": "para activar tu invitación",
	"did_you_forget_your_password": "¿Olvidaste tu contraseña?",
	"recover_your_account": "Recupera tu cuenta",
	"generate_a_new_password": "Genera una nueva contraseña"
}
