{
  "vostok_1_in_orbit": "Vostok 1 en órbita",
  "vostok_1_in_orbit_description": "Creaste tu cuenta con éxito, hay que celebrarlo!",
  "welcome_aboard_han": "Bienvenido a bordo Han",
  "welcome_aboard_han_description": "Esta empresa te reclutó para alcanzar su propósito, enorgullécenos",
  "recruited_someone": "Has recrutado un nuevo miembro",
  "recruited_someone_description": "Reclutaste talento y entró a esta cuenta gracias a tu invitación, esperemos que no haga el ridículo",
  "first_goal": "Primera parada, Villa Bikura",
  "first_goal_description": "Tu primer objetivo está listo y esperando que completes sus resultados clave, sabemos que lo lograrás",
  "7_days_without_ketchup": "7 días sin catsup",
  "7_days_without_ketchup_description": "Trabajaste en la cosecha de tus metas 7 días seguidos, Marte temería tus poderes botánicos",
  "5_initiatives_easy": "5 iniciativas, fácil como Greedo",
  "5_initiatives_easy_description": "5 iniciativas no son nada, hasta un novato lo puede hacer",
  "15_initiatives_honor": "15 iniciativas en honor a Vulcan",
  "15_initiatives_honor_description": "Terminaste 15 iniciativas, Spock estaría orgulloso de ti",
  "30_initiatives_in_dagobah":  "30 iniciativas en Dagobah",
  "30_initiatives_in_dagobah_description": "30 iniciativas cumpliste pero mucho que aprender todavía tienes",
  "50_initiatives_general": "50 iniciativas General Grievous",
  "50_initiatives_general_description": "¡Wow 50 iniciativas! El general Kenobi habló para felicitarte",
  "first_checkin": "Primer check-in reportado, Mayor Tom",
  "first_checkin_description": "La cuenta regresiva te favorece, lograste tu primer avance en resultados clave",
  "5_checkins": "5 check-ins en Alderaan",
  "5_checkins_description": "Lograste generar valor tangible en 5 ocasiones, eres un buen padawan",
  "25_checkins": "25 check-ins a velocidad warp",
  "25_checkins_description": "El Enterprise está muy orgulloso de todo tu progreso, eres un ejemplo para los demás",
  "50_checkins": "50 check-ins camino a Calvera",
  "50_checkins_description": "El propósito de tu empresa aún está muy lejos, pero tú la has adelantado muchísimo",
  "first_comment": "Arecibo-1974",
  "first_comment_description": "Mandaste tu primer mensaje",
  "picture_set": "Leeloo Dallas multipase",
  "picture_set_description": "Saliste del anonimato, tu ID ahora tiene una bonita foto",
  "5_people_joined": "Escuadrón Rogue One",
  "5_people_joined_description": "Ahora tienes un equipo, guíalo bien capitán",
  "first_pulsar_completed": "¡Haz usado OuYeah por 90 días!",
  "first_pulsar_completed_description": "Tu empresa ha soportado mucho y cada día se hace más fuerte, ¡Felicidades por haber usado OuYeah por 90 días!",
  "complete_missions_to_win_medals": "Completa misiones para ganar más medallas",
  "get_more_medals_to_unlock_more_missions": "Consigue todas las medallas para desbloquear más misiones",
  "good_job": "¡Ganaste!",
  "medals_obtained": "Acabas de conseguir {{medals_number}} medallas para tu colección.",
  "missions_title": "Misiones",
  "secret_medal_description": "Interesante.... nadie sabe como obtener esta medalla. Tal vez tú lo descubras",
  "secret_medal_name": "Medalla secreta",
  "soon_you_can_use_medals": "Pronto podrá usar sus medallas para personalizar su cuenta y obtener otros premios."
}