{
	"total": "Total {{count}}:",
	"total_okr_goals": "Metas OKR: {{count}}",
	"completed": "{{count}} completado",
	"completed_plural": "{{count}} completados",
	"ongoing": "{{count}} encaminado",
	"ongoing_plural": "{{count}} encaminados",
	"at_risk": "{{count}} en riesgo",
	"no_state": "{{count}} sin estado",
	"added_value_placeholder": "Ej: Aumentar conversión de usuarios a clientes pagos",
	"milestone_placeholder": "Ej: Publicar versión Beta de la app móvil",
	"problems_with_kr": "Por favor escribe un resultado clave, <a href='https://www.youtube.com/watch?v=pxFnEeoVvEc' rel='noopener noreferrer' target='_blank'>clica aquí si necesitas ayuda para definirlo</a>",
	"problems_with_objective": "Por favor escribe un objetivo, <a href='https://www.youtube.com/watch?v=P-73D9zrvzw' rel='noopener noreferrer' target='_blank'>clica aquí si necesitas ayuda para definirlo</a>",
	"problems_with_responsible": "Por favor escoge un responsable del OKR",
	"my_okr_goals": "Mis Metas OKR",
	"expand_objectives": "Expandir Todo",
	"expand_krs": "Expandir Todo",
	"create_new_okr": "Crear OKR",
	"hide_other_teams": "Ocultar otros equipos",
	"see_other_teams": "Ver otros equipos",
	"others_okr_goals": "Otras Metas OKR",
	"never": "Nunca",
	"delete_key_result": "Borrar resultado clave",
	"are_you_sure_delete_kr": "¿Estás seguro borrar el resultado clave: {{kr}}? No hay forma de recuperarlo",
	"complete": "Completo",
	"incomplete": "Incompleto",
	"comments": "Comentarios",
	"okr_goals": "Metas OKR",
	"team_breadcrumb": "Equipo: {{team}}",
	"no_state_text": "Sin estado",
	"ongoing_text": "Encaminado",
	"at_risk_text": "En riesgo",
	"create_key_result": "Crear Resultado Clave",
	"check_in_progress": "Check-in de Progreso",
	"delete_objective": "Borrar Objetivo",
	"are_you_sure_delete_objective": "¿Estás seguro borrar el objetivo: {{objective}}? No hay forma de recuperarlo",
	"add_initiative_placeholder": "Agregar iniciativa",
	"results": "Resultados",
	"add_key_result": "Agregar Resultado Clave",
	"objective_placeholder": "¿Qué Objetivo quieres lograr?",
	"objective": "Objetivo",
	"create_new_okr_goal_for": "Crear una Meta OKR",
	"added_value": "Valor agregado",
	"milestone": "Actividad realizada",
	"update_objective": "Actualizar objetivo",
	"will_update_objective": "Actualizarás el objetivo: {{objective}}",
	"update_key_result": "Editar Resultado Clave",
	"will_update_key_result": "Editarás el resultado clave: {{kr}}",
	"houston_progress": "¡Houston, tenemos progreso!",
	"houston_progress_spaceship": "Tu empresa acaba de acercarse más a la meta planteada.",
	"make_checkin_for": "Realizar Check-in para",
	"key_results": "Resultados Clave",
	"initiatives": "Iniciativas",
	"will_add_key_result": "Agregarás un resultado clave al objectivo: {{objective}}",
	"delete_initiative": "Borrar iniciaativa",
	"are_you_sure_delete_initiative": "¿Estás seguro de borrar la iniciativa: {{initiative}}?",
	"see_okr_goals_details": "Ver detalles de Metas OKR",
	"write_a_comment": "Escribe un comentario",
	"send_comment": "Enviar",
	"key_result_completed": "Resultado clave alcanzado",
	"key_result_checkin_at": "Check-in al {{percentage}}% por {{user_name}}",
	"key_result_created": "Resultado Clave creado por {{user_name}}",
	"no_objectives_yet": "Este equipo aún no tiene ningún OKR para este ciclo",
	"responsible": "Responsable",
	"edit_okr_title": "Editar Meta OKR",
	"edit_title_confirmation": "Eliminarás Resultados Clave previamente creados, ¿Estás seguro?",
	"edit_message_confirmation": "Toda la información de estos Resultados Claves se perderá",
	"completed_not_completed": "Completado / Sin completar",
	"start_x_end_y": "Inicia en {x} y la meta es llegar a {y}",
	"see_detail": "Ver detalle",
	"register_progress": "Registrar progreso",
	"elapsed_time": "Tiempo transcurrido: {{days}} días",
	"time_left": "Tiempo restante: {{days}} días",
	"no_objectives_yet_personal": "Sin objetivos definidos aún",
	"key_result_placeholder": "¿Cómo vas a medir que estás progresando hacia el Objetivo?",
	"register_progress_of_krs": "Registra Progreso de Resultados Clave",
	"actual_value": "Valor Actual:",
	"private_label": "Privado",
	"private_explanation": "Este OKR solo será visible para los miembros del equipo"
}
