{
	"your_profile": "Tu Perfil",
	"welcome_aboard_name": "Bienvenido a bordo, ¿cómo te gusta que te llamen?",
	"name_placeholder": "Puede ser algo como Rick Sanchez o Emmett Brown",
	"your_purpose": "Tu Propósito",
	"pulsar_star": "El propósito es la razón de existir de tu empresa.",
	"your_mission": "Tu misión es alcanzarla y todas tus metas deben estar alineados a ella.",
	"purpose_placeholder": "El propósito de OuYeah es: Conectarte con tu propósito",
	"your_company": "Tu Empresa",
	"reach_purpose": "Para alcanzar tu propósito, necesitas una cuenta que te lleve a cumplir todos tus objetivos, solo faltan los detalles finales.",
	"name_company_placeholder": "Nombra tu empresa",
	"your_team": "Tu Equipo",
	"especialized_teams": "Tu empresa tiene equipos especializados para cada situación, regístra el primero para facilitar la asignación de responsabilidades.",
	"name_team_placeholder": "Nombra un equipo, como Diseño o Desarrollo",
	"your_colleagues": "Tus Colegas",
	"tripulation_will_get_email": "Tu tripulación recibirá un email de bienvenida para acceder a tu cuenta. Te notificaremos cuando hayan entrado.",
	"invitations_everything_is_ready": "Todo listo para que puedas invitar a la tripulación que te ayudará a llegar a tu estrella.",
	"invitations_placeholder": "Escribe sus emails, separados por comas",
	"invite_with_link": "Invitar con link",
	"your_first_okr": "Tu Primer OKR",
	"okrs_explanation": "OKR es acrónimo Objective - Key Results. (Objetivo - Resultados Clave). Es un sistema de metas utilizado por empresas como Amazon, Google, Netflix, Spotify, Twitter y muchas otras; entre ellas,",
	"components_of_okrs": "Los componentes de los OKRs son:",
	"what_are_objectives": "Objetivos: Descripciones cualitativas memorables de lo que quieres conquistar. Deben ser cortos e inspiracionales para motivar y retar al equipo.",
	"what_are_key_results": "Resultados Clave: Serie de métricas para medir el progreso hacia el Objetivo. Cada Objetivo debe tener entre 2 y 5 Resultados Clave.",
	"okrs_sentence": "Los OKRs completan la frase: Voy a (Objetivo) y me mediré con (estos Resultados Clave).",
	"define_okr": "Ahora necesitas definir cuál es el Objetivo más importante para que tu empresa y que tus colegas se enfoquen en el, recuerda que tu propósito es:",
	"objective": "Objectivo:",
	"objective_placeholder": "Que OuYeah adquiera otra cuenta para poder ayudar a más empresas",
	"objective_characteristics": "Características de un buen Objetivo",
	"objective_qualiative": "Es cualitativo",
	"fills_sentence": "Completa la frase 'Quiero hacer ______'",
	"inspires": "Inspira y reta a tu equipo",
	"your_first_kr": "Tu Primer Meta - OKR",
	"the_objective": "El Objetivo:",
	"needs_2_5_krs": ", necesita de 2 a 5 Resultados Clave para definir cómo medirás su progreso.",
	"krs": "Resultados clave:",
	"add_key_result": "Agregar Resultado Clave",
	"charectiristics_kr": "Características de un buen Resultado Clave",
	"always_numbers_kr": "Siempre llevan números",
	"kr_sentence": "Completa la frase 'me mediré por ______'",
	"measures_result": "Mide el resultado, no el esfuerzo",
	"succesful_launch": "Lanzamiento exitoso",
	"welcome_aboard": "¡Bienvenido a bordo!",
	"spaceship_ready": "Tu empresa está lista y en camino a cumplir su propósito. OuYeah te conecta con tu propósito... ese es nuestro propósito.",
	"spaceship_ready_two": "Tu cuenta está lista para que ayudes a tu empresa a alcanzar su propósito.",
	"what_type_of_account": "¿Qué tipo de cuenta quieres crear?",
	"enterprise": "Empresa",
	"personal": "Personal",
	"start": "Comienzo",
	"purposes_of_some_companies": "Propósitos de algunas empresas.",
	"google_purpose": "Organizar la información del mundo y hacerla universalmente accesible y útil.",
	"walmart_purpose": "Ahorramos dinero a las personas para que puedan vivir mejor.",
	"disney_purpose": "Ser uno de los principales productores y proveedores de entretenimiento e información del mundo.",
	"facebook_purpose": "Dale a la gente el poder de construir una comunidad y unir al mundo.",
	"uber_purpose": "Haga que el transporte sea tan confiable como el agua corriente, en todas partes, para todos.",
	"airbnb_purpose": "Vivir en el mundo donde un día puedes sentir que estás en casa en cualquier lugar y no en un hogar, sino en un hogar verdadero, donde perteneces.",
	"spotify_purpose": "Desbloquear el potencial de la creatividad humana, dándole a un millón de artistas creativos la oportunidad de vivir de su arte y de miles de millones de fanáticos la oportunidad de disfrutar e inspirarse en él.",
	"pulsarup_purpose": "Conectarte con tu propósito.",
	"register_your_first_team": "Registre su primer equipo para crear su primer objetivo OKR",
	"invite_the_crew_of_your_team": "Invita a los miembros de tu equipo.",
	"what_are_okrs_for": "Sirven para establecer y alcanzar sistemáticamente los objetivos correctos para alcanzar su propósito.",
	"who_uses_okrs": "Amazon, Disney, Google, Netflix, Spotify, Twitter, Uber y muchas más compañías ya han comprobado su valor, ahora es el turno de",
	"to_define_an_objective_ask": "Para definir un objetivo debes preguntarte:",
	"what_do_you_want_to_reach": "¿Qué quieres alcanzar?",
	"a_good_objective_counts_with": "Un buen objetivo cuenta con los siguientes elementos:",
	"google_objective": "Crea un reloj capaz de crear y compartir hologramas.",
	"walmart_objective": "Vender todos los productos en envases totalmente reciclables.",
	"disney_objective": "Construye la montaña rusa más rápida del mundo.",
	"facebook_objective": "Eliminar todas las cuentas de facebook falsas.",
	"uber_objective": "Crea ubers para turistas con conductores que también son guías turísticos.",
	"airbnb_objective": "Conectar viajeros individuales con intereses comunes para alquilar juntos.",
	"spotify_objective": "Crea una aplicación para aprender idiomas cantando.",
	"pulsarup_objective": "Construir equipos de alto rendimiento en cualquier empresa.",
	"the_purpose_of_your_spacechip": "El propósito de su empresa es:",
	"the_most_important_objective_part": "¿Qué es lo más importante que su equipo <span class='blue_text'> {{team}} </span> debe alcanzar ahora para acercarse a este propósito?",
	"to_define_an_kr_ask": "Para definir un resultado clave debe preguntarse:",
	"how_are_you_gonna_measure_progress_towards_objective": "¿Cómo vas a medir que realmente estás progresando hacia el objetivo?",
	"good_key_results": "Los buenos resultados clave son:",
	"google_kr_1": "Incrementa 25% centímetros cúbicos el área de proyección del holograma.",
	"google_kr_2": "Reducir el tiempo de carga de los hologramas en un 45%.",
	"walmart_kr_1": "Renovar el 60% de los contratos restantes con nuevas cláusulas.",
	"walmart_kr_2": "Rematar el 80% de la mercancía con envases no reciclables.",
	"disney_kr_1": "Incrementar la aceleración inicial hasta 180 km / h.",
	"disney_kr_2": "Prueba vehículos en túnel de viento 20 veces.",
	"facebook_kr_1": "Desarrollar 100 algoritmos que identifiquen cuentas de bot.",
	"facebook_kr_2": "Forzar la verificación de la cuenta con un selfie.",
	"uber_kr_1": "Entrenar a 300 conductores para ser guías turísticos.",
	"uber_kr_2": "Lanzamiento de la aplicación piloto en 5 ciudades turísticas de Europa.",
	"airbnb_kr_1": "Desarrollar el método de pago dividido para compartir los costos.",
	"airbnb_kr_2": "Dar descuento a los primeros 100 usuarios que utilicen el servicio.",
	"spotify_kr_1": "Curso inicial de lanzamiento con 500 canciones pop en inglés.",
	"spotify_kr_2": "Mejorar la efectividad del traductor automático en un 35%.",
	"pulsarup_kr_1": "Aumentar en un 45% la cantidad de OKRS completada por la compañía.",
	"pulsarup_kr_2": "Crear una sección para que los usuarios puedan tener reuniones 1 a 1.",
	"key_result_summary": "El propósito de tu empresa es: <span class = 'blue_text'> {{purpose}} </span>, y tu equipo <span class = 'blue_text'> {{team}} </span> tiene como objetivo <span class = 'blue_text'> {{object}} </span>.",
	"you_need_2_to_5_krs": "Debe crear entre 2 y 5 resultados clave para guiarlos y confirmar el progreso.",
	"your_purpose_personal": "Esta estrella Pulsar representa tu razón de ser, o lo que más deseas en este momento.",
	"purposes_of_some_people": "Ejemplos de propósitos con diferentes enfoques.",
	"entrepeneurship_approach": "Emprendimiento:",
	"entrepeneurship_purpose": "Convertirme en un emprendedor en serie.",
	"travels_approach": "Viajes:",
	"travels_purpose": "Conoce todos los lugares increíbles del planeta.",
	"family_approach": "Familia:",
	"family_purpose": "Dale a mi familia todo el amor y los recursos que necesitan.",
	"finances_approach": "Finanzas:",
	"finances_purpose": "Hacer que mi dinero trabaje para vivir mejor.",
	"health_approach": "Salud:",
	"health_purpose": "Vivir durante muchos años con una excelente calidad de vida.",
	"freelance_approach": "Freelance:",
	"freelance_purpose": "Ser el dueño de mi tiempo, ubicación y tiempo.",
	"social_approach": "Social:",
	"social_purpose": "Mejorar la calidad de vida de toda la comunidad.",
	"kitchen_approach": "Cocina:",
	"kitchen_purpose": "Encantar a cualquiera con mi comida.",
	"who_uses_okrs_personal": "Personas como Bill Gates, fundador de Microsoft y Bono cantante de U2, ya han demostrado su valor, ahora es el turno de",
	"entrepeneurship_objective": "Lograr el éxito de mi nueva startup.",
	"travels_objective": "Conocer todas las capitales de Europa.",
	"family_objective": "Crear recuerdos valiosos con mi familia.",
	"finances_objective": "Resolver todas mis deudas y créditos.",
	"health_objective": "Recuperarme completamente de mi operación de rodilla",
	"freelance_objective": "Trabajar desde la playa ganando más que en una oficina.",
	"social_objective": "Hacer que la gente de mi barrio se sienta segura.",
	"kitchen_objective": "Ser un experto en cocina turca.",
	"your_personal_purpose": "Tu propósito es:",
	"the_most_important_objective_personal": "¿Qué es lo más importante que debería estar haciendo ahora para acercarse a este propósito?",
	"entrepeneurship_kr_1": "Obtener 300 clientes nuevos",
	"entrepeneurship_kr_2": "Incrementar el ticket promedio en un 18%.",
	"travels_kr_1": "Visitar 5 capitales más este verano",
	"travels_kr_2": "Obtener coche compartido para 3 capitales",
	"family_kr_1": "Reunirse para almorzar todos los domingos",
	"family_kr_2": "Hacer un viaje corto cada 2 meses",
	"finances_kr_1": "No comprar nada más por meses sin interés.",
	"finances_kr_2": "Ahorrar un 15% más que el año pasado",
	"health_kr_1": "Asistir a 5 sesiones de rehabilitación por semana",
	"health_kr_2": "Caminar diariamente 3 kilómetros.",
	"freelance_kr_1": "Consiguir 5 pequeños clientes por semana",
	"freelance_kr_2": "Consiguir 2 grandes clientes al mes",
	"social_kr_1": "Consiguir 15 personas para una brigada de barrio.",
	"social_kr_2": "Crear un chat de grupo de emergencia",
	"kitchen_kr_1": "Perfeccionar 6 platos turcos",
	"kitchen_kr_2": "Inventar 2 recetas propias para los postres turcos.",
	"key_result_summary_personal": "Tu Propósito es: <span class='blue_text'> {{purpose}} </span>, y tu primer objetivo es <span class='blue_text'> {{object}} </span>.",
	"you_need_2_to_5_krs_personal": "Debes crear entre 2 y 5 resultados clave para guiarlo y confirmar el progreso.",
	"hello_traveler": "¡Hola viajero!",
	"how_does_your_friends_call_you": "¿Cómo te llaman tus amigos?",
	"card_name_placeholder": "Por favor escribe tu nombre",
	"name_your_ship": "Ponle nombre a tu empresa",
	"placeholder_name_ship": "Nombre de la empresa",
	"create_first_team": "Crea tu primer equipo",
	"select_an_area": "Selecciona el área del equipo",
	"development": "Desarollo",
	"design": "Diseño",
	"finance": "Finanzas",
	"marketing": "Marketing",
	"human_resources": "Recursos Humanos",
	"sales": "Ventas",
	"other": "Otra",
	"specify_area": "Especifica el área",
	"invite_your_colleagues": "Invita a tus colegas",
	"write_their_emails": "Escribe sus emails",
	"colleague_email": "colega@tuempresa.com",
	"congratulations_won_medal": "¡Felicidades, ganaste una medalla!",
	"later_use_medal": "Más adelante podrás usar las medallas para personalizar tu cuenta y conseguir otros premios",
	"first_objective_personal": "¿Qué tipo de objetivo te interesa cumplir primero?",
	"type_of_objectives": "Tipo de objetivos",
	"select_a_type_of_objective": "Selecciona un tipo de objetivo",
	"entrepeneurship": "Emprendimiento",
	"traveling": "Viaje",
	"family": "Familia",
	"finance": "Finanzas",
	"health": "Salud",
	"freelance": "Freelance",
	"languages": "Idiomas",
	"browser_okr_goals_definition": "Definición de metas con el sistema OKR",
	"browser_kanban_definition": "Gestión de tareas con tableros Kanban",
	"browser_information_definition": "Información rápida y directa con canales de Chat (próximamente)",
	"strategy": "Estrategia",
	"tactical": "Táctica",
	"communication": "Comunicación",
	"continue_from_your_computer": "Continúa desde tu computadora",
	"continue_from_your_computer_explanation": "Por favor, continúa la configuración de tu cuenta desde tu computadora para sacar el máximo provecho de tu platafroma.",
	"team_area_disclaimer": "(Está información será usada para crear un OKR de ejemplo)",
	"card_phone_placeholder": "Por favor ingresa tu teléfono",
	"we_need_a_little_info": "Necesitamos un poco de información de ti",
	"about_your_ship": "Acerca de tu empresa",
	"info_about_your_ship": "Necesitamos un poco de informaciónde tu empresa",
	"select_a_company_area": "Industria de la empresa",
	"size_of_the_company": "Tamaño de la empresa",
	"role_in_the_company": "Tu cargo en la empresa",
	"marketing_and_advertising": "Agencia de Marketing y Publicidad",
	"consulting_and_training": "Consultoría y entrenamientos",
	"ecommerce": "E-commerce",
	"education": "Educación",
	"engineering_general_industry": "Ingeniería e industria en general",
	"events": "Eventos",
	"finances_law_related": "Financiero, judicial y servicios relacionados",
	"government_or_related": "Gobierno y organismos públicos",
	"real_estate": "Bienes raíces",
	"media": "Medios de comunicación",
	"ong": "ONGs",
	"health_and_aesthetics": "Salud y estética",
	"general_services": "Servicios generales",
	"human_resources_and_coaching": "Recursos humanos y coaching",
	"software_cloud": "Software y Cloud (Nube)",
	"telecommunications": "Telecomunicaciones",
	"tourism_and_leisure": "Turismo and ocio",
	"retail": "Venta al por menor",
	"other": "Other",
	"hardware": "Hardware",
	"1_10": "1-10",
	"11_50": "11-50",
	"51_200": "51-200",
	"201_500": "201-500",
	"500_more": "más de 500",
	"director": "Director",
	"manager": "Gerente",
	"coordinator": "Coordinador",
	"leader": "Líder",
	"supervisor": "Supervisor",
	"analyst": "Analista",
	"developer": "Desarrollador",
	"other_company_role_placeholder": "Escribe el rol",
	"other_company_area_placeholder": "Escribe la industría",
	"welcome": "¡Bienvenido, ",
	"we_need_some_details": "Necesitamos algunos detalles tuyos para comenzar",
	"phone": "Teléfono",
	"almost_ready":"Casi listo",
	"tell_us_about_your_company": "Cuéntanos sobre tu empresa",
	"name_of_your_company": "Nombre de tu empresa",
	"later_you_can_create_more": "Después podrás crear más",
	"whats_your_teams_name": "¿Cómo se llama tu equipo",
	"team_name": "Nombre del equipo",
	"industry": "Industria",
	"who_else_is_in_your_team":"¿Quién más está en tu equipo?",
	"congratulations_your_ship_is_ready": "¡Felicidades, tu cuenta está lista!",
	"you_can_create_your_okrs": "Ya puedes crear tus OKRs para perseguir tu propósito",
	"start_platform": "Comenzar"
}