{
  "active_in": "Activo en",
  "actual_password_form": "Escribe tu contraseña actual:",
  "astronaut_noob": "Astronauta novato",
  "email_form": "Email:",
  "language_form": "Idioma:",
  "leave_team": "Abandonar equipo",
  "member_in_n_teams": "Miembro de {{count}} equipo:",
  "member_in_n_teams_plural": "Miembro de {{count}} equipos:",
  "name_form": "Nombre:",
  "new_password_confirmation_form": "Confirma tu nueva contraseña:",
  "new_password_form": "Escribe tu nueva contraseña:",
  "password_form": "Contraseña:",
  "password_updated_succesfully": "Contraseña actualizada con éxito",
  "profile_picture_form": "Foto de perfil:",
  "profile_updated_succesfully": "Perfil actualizado con éxito",
  "teams_count": "{{count}} equipo",
  "teams_count_plural": "{{count}} equipos",
  "update_password": "Actualizar",
  "upload_image_explanation": "Subir Imagen (jpg, png, gif)",
  "your_profile": "Tu Perfil",
  "star_captain": "Estrella de líder",
  "timezone": "Zona horaria",
  "username": "Nombre de usuario *Beta"
}
