{
  "assign_another_captain": "Antes de irte, tendrás que asignar a otro líder a esta tripulación.",
  "change_rank_description_modal_to_captain": "Este usuario ahora será capaz de invitar gente a este equipo, entre otras cosas, esto conlleva mucha responsabilidad",
  "change_rank_description_modal_to_crew": "Este usuario ya no será capaz de invitar gente a este equipo, entre otras cosas",
  "change_rank_header_modal_to_captain": "¿Estás seguro que quieres convertir a {{teammate}} en líder?",
  "change_rank_header_modal_to_crew": "¿Estás seguro que quieres degradar el rol de {{teammate}}?",
  "create_a_team": "Crea un equipo",
  "create_a_team_placeholder": "Nombra un equipo, como Diseño o Desarrollo",
  "create_team": "Crear equipo",
  "delete_teammate_modal_header": "¿Estás seguro de que deseas remover a {{teammate}} del equipo de {{team}}?",
  "drop_team": "Abandonar",
  "drop_team_and_delete_explanation": "Ya que eres el último miembro de esta tripulación, borraremos este equipo y toda su información.",
  "drop_team_button": "Abandonar tripulación",
  "drop_team_modal_explanation": "Dejarás esta tripulación, asegúrate de despedirte de tus amigos",
  "dropping_team_header": "¿Estás seguro que quieres dejar este equipo {{team}}?",
  "error_changing_rank": "Error cambiando el rol, por favor intenta de nuevo, estamos trabajando en esto",
  "error_deleting_team": "Error borrando el equipo, por favor intenta de nuevo, estamos trabajando en esto",
  "error_removing_user_from_team": "Error removiendo al miembro de la tripulación, por favor intenta de nuevo, estaremos investigando este problema ",
  "filter_teams": "Filtra equipos",
  "hide_other_teams": "Ocultar otros equipos",
  "invitations_placeholder": "Escribe los emails de las personas que quieras invitar",
  "invite_someone_else": "Invita a alguien nuevo",
  "join_to_this_team": "Únete a este equipo",
  "manager": "Capitán",
  "member": "Tripulación",
  "member_part_of_teams": "{{member}} es parte de los equipos:",
  "my_teams": "Mis Equipos",
  "new_team_created_modal_text": "Tu nuevo equipo {{teammate}} ha sido creado y tú eres su capitán",
  "other_teams": "Otros Equipos",
  "pressed_red_button_without_intention": "Si presionaste el botón rojo sin querer... todo tiene solución, puedes solicitar volver a entrar cuando quieras.",
  "rank_changed_successfully": "Rol cambiado con éxito",
  "remove_from_team": "Remover de la tripulación",
  "remove_teammate": "Remover",
  "remove_teammate_modal_explanation": "Este miembro no podrá completar los OKRs de la tripulación, pero su progreso permanecerá",
  "removed_team_header": "Has removido a {{teammate}} del equipo {{team}}",
  "removed_teammate_successfully_explanation": "Si presionaste el botón rojo sin querer... todo tiene solución, puedes enviarle una invitación nueva cuando quieras",
  "see_other_teams": "Ver otros equipos",
  "see_teams": "Ver Equipos",
  "select_a_new_captain": "Asigna un nuevo líder",
  "send_invitation": "Mandar invitación",
  "send_invitations_for_team": "Manda invitaciones para el equipo {{team}}",
  "team_created_succesfully": "Equipo creadó exitosamente",
  "team_not_found": "Este equipo no existe",
  "team_successfully_removed": "Equipo eliminado con éxito",
  "teams": "Equipos",
  "teams_of_company": "Equipos de {{company}}",
  "total_colleagues": "{{count}} colega",
  "total_colleagues_plural": "{{count}} colegas",
  "user_removed_successfully_from_team": "Miembro removido exitosamente de la tripulación ",
  "you_dropped_team": "Abandonaste el equipo {{team}}",
  "invitations_sent": "Invitaciones listas",
  "invitations_sent_explanation": "Les mandaremos un email invitándolos a este equipo",
  "invitations_sent_notify": "Te notificaremos cuando se hayan unido",
  "request_join_team_sent": "Enviamos tu solicitud para unirte al equipo {{team}}",
  "request_join_team_sent_explanation": "Recibirás una notificación cuando te acepten",
  "add_existing_teammate": "Agregar compañero existente",
  "add_teammates_to_team": "Agregar compañeros a la tripulación",
  "add_teammates_to_team_modal_explanation": "Escoge los compañeros que quieres agregar a tu tripulación:",
  "teammates_added": "Compañeros agregados con éxito",
  "teammates_added_succesfully_explanation": "Los compañeros fueron agregados exitosamente, recibirán una notificación para comenzar a trabajar contigo",
  "error_adding_teammates_to_team": "Error agregando compañeros al equipo, por favor intentalo de nuevo, estamos trabajando en esto",
  "join_team_another_team_wating_for_you": "¡Otro equipo te esta esperando!",
  "join_team_you_were_invited_by_person": "Has sido invitado por {{user}} para ser parte del equipo {{team}} y alcanzar su propósito juntos",
  "join_team_you_are_about_to_join_a_team": "Estás apunto de ser parte del equipo {{team}} para ayudarles a alcanzar su propósito juntos.",
  "join_team_you_were_invited_by_person_new_account": "Has sido invitado por {{user}} a la cuenta de {{company}} para ser parte del equipo {{team}} y alcanzar su propósito juntos.",
  "join_team_you_were_invited_new_account": "Estás apunto de unirte a la cuenta de {{company}} para ser parte del equipo {{team}} y alcanzar su propósito juntos.",
  "active_your_invitation": "Activa tu boleto de entrada a la empresa creando una cuenta o iniciando sesión ",
  "error_accepting_invitation": "Error aceptando la invitación, si el error persiste, por favor contáctanos",
  "pulsarup_is_a_platform": "OuYeah es una plataforma de OKRs que conecta el propósito de tu empresa con su estrategia y operación.",
  "hello_astronaut": "¡Hola Astronauta!",
  "welcome_to_your_new_team": "Bienvenido a tu nuevo equipo",
  "join_your_new_team": "Entra a tu nuevo equipo"
}